{
    "success": true,
    "timestamp": 1565271305,
    "base": "EUR",
    "date": "2019-08-08",
    "rates": {
        "AED": 4.111906,
        "AFN": 87.658644,
        "ALL": 121.331317,
        "AMD": 533.47608,
        "ANG": 1.998589,
        "AOA": 398.039197,
        "ARS": 50.848849,
        "AUD": 1.648684,
        "AWG": 2.015102,
        "AZN": 1.908732,
        "BAM": 1.955096,
        "BBD": 2.260665,
        "BDT": 94.606795,
        "BGN": 1.955991,
        "BHD": 0.421995,
        "BIF": 2065.479622,
        "BMD": 1.119501,
        "BND": 1.511996,
        "BOB": 7.742638,
        "BRL": 4.418108,
        "BSD": 1.119781,
        "BTC": 9.4771565e-5,
        "BTN": 77.149414,
        "BWP": 12.331312,
        "BYN": 2.29022,
        "BYR": 21942.222546,
        "BZD": 2.256859,
        "CAD": 1.48864,
        "CDF": 1863.969171,
        "CHF": 1.094296,
        "CLF": 0.028912,
        "CLP": 797.768007,
        "CNY": 7.889464,
        "COP": 3826.566882,
        "CRC": 640.790954,
        "CUC": 1.119501,
        "CUP": 29.66678,
        "CVE": 110.477413,
        "CZK": 25.804055,
        "DJF": 198.957767,
        "DKK": 7.463042,
        "DOP": 57.368873,
        "DZD": 133.612645,
        "EGP": 18.527188,
        "ERN": 16.792649,
        "ETB": 32.521176,
        "EUR": 1,
        "FJD": 2.440792,
        "FKP": 0.921064,
        "GBP": 0.924221,
        "GEL": 3.279979,
        "GGP": 0.924312,
        "GHS": 6.042983,
        "GIP": 0.921176,
        "GMD": 56.086166,
        "GNF": 10344.19083,
        "GTQ": 8.582323,
        "GYD": 233.662446,
        "HKD": 8.778288,
        "HNL": 27.618361,
        "HRK": 7.378747,
        "HTG": 105.902551,
        "HUF": 324.602722,
        "IDR": 15923.840337,
        "ILS": 3.892951,
        "IMP": 0.924312,
        "INR": 79.168325,
        "IQD": 1332.206369,
        "IRR": 47136.596034,
        "ISK": 137.318125,
        "JEP": 0.924312,
        "JMD": 150.89735,
        "JOD": 0.793701,
        "JPY": 118.798665,
        "KES": 115.767481,
        "KGS": 78.189432,
        "KHR": 4579.879234,
        "KMF": 492.188842,
        "KPW": 1007.643697,
        "KRW": 1353.252628,
        "KWD": 0.340553,
        "KYD": 0.93307,
        "KZT": 434.310515,
        "LAK": 9739.659663,
        "LBP": 1687.816064,
        "LKR": 198.017512,
        "LRD": 227.426688,
        "LSL": 16.848414,
        "LTL": 3.305596,
        "LVL": 0.677175,
        "LYD": 1.559078,
        "MAD": 10.704502,
        "MDL": 19.744628,
        "MGA": 4102.971367,
        "MKD": 61.479678,
        "MMK": 1689.607416,
        "MNT": 2984.252747,
        "MOP": 9.044007,
        "MRO": 399.662298,
        "MUR": 40.129079,
        "MVR": 17.296433,
        "MWK": 817.286208,
        "MXN": 21.92571,
        "MYR": 4.689928,
        "MZN": 67.903361,
        "NAD": 16.848199,
        "NGN": 406.121539,
        "NIO": 37.559359,
        "NOK": 10.016384,
        "NPR": 126.397257,
        "NZD": 1.733273,
        "OMR": 0.430437,
        "PAB": 1.119781,
        "PEN": 3.794325,
        "PGK": 3.795521,
        "PHP": 58.320434,
        "PKR": 178.733893,
        "PLN": 4.323681,
        "PYG": 6835.556203,
        "QAR": 4.07606,
        "RON": 4.729176,
        "RSD": 117.648278,
        "RUB": 73.021142,
        "RWF": 1018.746047,
        "SAR": 4.199587,
        "SBD": 9.226648,
        "SCR": 15.346107,
        "SDG": 50.512453,
        "SEK": 10.753257,
        "SGD": 1.548696,
        "SHP": 1.478751,
        "SLL": 10411.360244,
        "SOS": 649.310364,
        "SRD": 8.349275,
        "STD": 24137.329206,
        "SVC": 9.797535,
        "SYP": 576.543268,
        "SZL": 16.84872,
        "THB": 34.434692,
        "TJS": 10.558296,
        "TMT": 3.918254,
        "TND": 3.201547,
        "TOP": 2.587335,
        "TRY": 6.118096,
        "TTD": 7.575496,
        "TWD": 35.090779,
        "TZS": 2575.066266,
        "UAH": 28.271867,
        "UGX": 4142.82732,
        "USD": 1.119501,
        "UYU": 39.372623,
        "UZS": 9739.659791,
        "VEF": 11.181019,
        "VND": 26004.836245,
        "VUV": 131.552437,
        "WST": 2.981098,
        "XAF": 655.725214,
        "XAG": 0.066504,
        "XAU": 0.00075,
        "XCD": 3.025508,
        "XDR": 0.813653,
        "XOF": 654.907967,
        "XPF": 119.506478,
        "YER": 280.205698,
        "ZAR": 16.915595,
        "ZMK": 10076.853186,
        "ZMW": 14.534517,
        "ZWL": 360.479372
    }
}
